Name,Position,Password,Status
Martha Tate,Recruiter,y]Wv)!Z2,Invitation to be sent
Parker Tate,Recruiter,g*B7a2&F,Invitation to be sent
Maxwell Thorpe,Recruiter,72D$w+cj,Invitation to be sent
Ethan Neville,Recruiter,bkC)rFh2,Invitation to be sent
Leanne Jennson,Recruiter,SpDbr2z-,Invitation to be sent
Kassandra Utterson,Recruiter,4*/3&]Lv,Invitation to be sent
Barney Wood,Interviewer,lkVyqwP,Invitation to be sent
Leah Jennson,Interviewer,^$f2x3Sk,Invitation to be sent
Freya Vinton,Interviewer,E-+xYC3&,Invitation to be sent
Lauren Robinson,Interviewer,8@X3u?}=,Invitation to be sent
Brooklyn Bayliss,Interviewer,B5{+b}A^,Invitation to be sent
Jayden Warren,Interviewer,&d9LuTUK,Invitation to be sent
Shelby Roth,Interviewer,5NhRSzP{,Invitation to be sent
Nick Potts,Interviewer,XvY.-86x,Invitation to be sent
Aiden Holmes,Interviewer,=8eAV4Sr,Invitation to be sent
Ron Vaughn,Interviewer,/]w3gW$-,Invitation to be sent
Dorothy Crawford,Interviewer,.R64d=>h,Invitation to be sent
Gil Carter,Interviewer,QC4sTU6],Invitation to be sent
Mark Fowler,Interviewer,]Tf6_=Yz,Invitation to be sent
Davina Farrant,Interviewer,S^85/k$+,Invitation to be sent
Jules Khan,Interviewer,T-.^cU78,Invitation to be sent
Lexi Hill,Interviewer,wpCB].3L,Invitation to be sent
Carina Freeburn,Interviewer,kLM7)b8D,Invitation to be sent
Judith Donnelly,Interviewer,W9br_}Vq,Invitation to be sent
